Rank,value_class,Elo Rating
1,Truthfulness,1007.8420666273249
2,Professionalism,1005.9429304880167
3,Adaptability,1003.9884898982502
4,Justice,1003.9641968928452
5,Sustainability,1001.9934741168477
6,Care,1001.986714148004
7,Wisdom,998.0180259472187
8,Privacy,998.0057557518521
9,Equal Treatment,998.0048005767542
10,Cooperation,995.9773767275442
11,Communication,994.0590940183325
12,Creativity,990.2170748070099
