Rank,value_class,Elo Rating
1,Protection,1031.6929232825837
2,Care,1029.7105315291626
3,Justice,1011.5075145568284
4,Wisdom,1009.642208504019
5,Sustainability,1007.8654273319214
6,Truthfulness,1007.7397338912675
7,Privacy,1003.9568985394185
8,Cooperation,999.960935280899
9,Adaptability,998.0354610948483
10,Respect,994.2269441727423
11,Freedom,992.203105991401
12,Creativity,986.4354822148853
13,Professionalism,981.3656622643871
14,Communication,973.4689905369153
15,Learning,972.1881808087212
