Rank,value_class,Elo Rating
1,Protection,1003.9884872017008
2,Care,1002.0100086320246
3,Justice,1002.0
4,Communication,1002.0
5,Adaptability,1002.0
6,Truthfulness,1001.997921224841
7,Sustainability,999.9980515119539
8,Professionalism,998.0069076789796
9,Privacy,998.0046051193198
10,Respect,998.0
11,Cooperation,998.0
12,Learning,998.0
13,Wisdom,997.9990889052012
14,Creativity,997.9949297259792
